{
    "items": [
        {
            "componentType": "NameBox",
            "lable": "Name",
            "properties": {
                "type": "text",
                "minLength": 3,
                "description": "Enter Your Name"
            }
        },
        {
            "componenetType": "UserNameBox",
            "lable": "Username",
            "properties": {
                "type": "text",
                "minLength": 4,
                "maxLength": 8,
                "description": "Enter user name"
            }
        },
        {
            "componenetType": "EmailBox",
            "lable": "Email",
            "properties": {
                "type": "text",
                "pattern": "^\\S+@\\S+$",
                "description": "Enter email"
            }
        },
        {
            "componenetType": "PasswordBox",
            "lable": "Password",
            "properties": {
                "type": "password",
                "minLength": 8,
                "maxLength": 16,
                "pattern": "^(?=.*[0-9])(?=.*[!@#$%^&*])[a-zA-Z0-9!@#$%^&*]{6,16}$",
                "description": "Enter password"
            }
        },
        {
            "componentType": "CountryDropDown",
            "lable": "Country",
            "properties": {
                "type": "dropDown",
                "enum": [
                    "AUS",
                    "IN",
                    "JP",
                    "US",
                    "RU",
                    "Other"
                ]
            }
        },
        {
            "componenetType": "RadioButton",
            "lable": "Gender",
            "properties": {
                
                    "type": "radio",
                    "anyOf": 
                        {
                            "type": "radio",
                            "key": "radios",
                            "enum": [
                                {
                                    "value":"male",
                                    "name":"Male"
                                },
                                {
                                    "value":"female",
                                    "name":"Female"
                                }
                            ]
                        }
                       
                           
                    
                
            }
        },
        {
            "componenetType":"CheckBox",
            "lable":"Language",
            "properties": {
                
                    "type": "checkBox",
                    "items": {
                        "type": "string",
                        "enum": [
                            "English",
                            "Spanish",
                            "Japanese",
                            "French",
                            "Hindi"
                        ]
                    }
                }
            
        },
        {
            "componenetType":"SubmitButton",
            "lable":"Submit",
            "properties": {
                
                    "type": "submit",
                    "title":"Submit"
                }
            
        }
    ]
}