{
    "data": [
        {"ledger": "hW", "ledgerName": "VW", "uwUnit": 2012, "cedentNo": 255215, "cedentName": "dsad231ff", "treatyNo": 987456, "treatyName": "dsad231ff", "lastUWY": 2017, "status": "Finalized"},
        {"ledger": "VW", "ledgerName": "Audi", "uwUnit": 2011, "cedentNo": 255215, "cedentName": "gwregre345", "treatyNo": 987456, "treatyName": "dsad231ff", "lastUWY": 2017, "status": "Canceled"},
        {"ledger": "fW", "ledgerName": "Renault", "uwUnit": 2005, "cedentNo": 255215, "cedentName": "h354htr", "treatyNo": 987456, "treatyName": "dsad231ff", "lastUWY": 2017, "status": "Prospect"},
        {"ledger": "hW", "ledgerName": "BMW", "uwUnit": 2003, "cedentNo": 255215, "cedentName": "j6w54qgh", "treatyNo": 987456, "treatyName": "dsad231ff", "lastUWY": 2017, "status": "Finalized"},
        {"ledger": "VW", "ledgerName": "Mercedes", "uwUnit": 1995, "cedentNo": 255215, "cedentName": "hrtwy34", "treatyNo": 987456, "treatyName": "dsad231ff", "lastUWY": 2017, "status": "To validate"},
        {"ledger": "VW", "ledgerName": "Volvo", "uwUnit": 2005, "cedentNo": 255215, "cedentName": "jejtyj", "treatyNo": 987456, "treatyName": "dsad231ff", "lastUWY": 2017, "status": "Finalized"},
        {"ledger": "gW", "ledgerName": "Honda", "uwUnit": 2012, "cedentNo": 255215, "cedentName": "g43gr", "treatyNo": 987456, "treatyName": "dsad231ff", "lastUWY": 2017, "status": "Study"},
        {"ledger": "VW", "ledgerName": "Jaguar", "uwUnit": 2013, "cedentNo": 255215, "cedentName": "greg34", "treatyNo": 987456, "treatyName": "dsad231ff", "lastUWY": 2017, "status": "Authorized"},
        {"ledger": "VW", "ledgerName": "Ford", "uwUnit": 2000, "cedentNo": 255215, "cedentName": "h54hw5", "treatyNo": 987456, "treatyName": "dsad231ff", "lastUWY": 2017, "status": "Renewed"},
        {"ledger": "rW", "ledgerName": "Fiat", "uwUnit": 2013, "cedentNo": 255215, "cedentName": "245t2s", "treatyNo": 987456, "treatyName": "dsad231ff", "lastUWY": 2017, "status": "Finalized"},
        {"ledger": "VW", "ledgerName": "UK", "uwUnit": 2008, "cedentNo": 21546, "cedentName": "VIG RE", "treatyNo": 123456, "treatyName": "abcd", "lastUWY": 2018, "status": "Prospect"},	
	    {"ledger": "sW", "ledgerName": "Maruti", "uwUnit": 2008, "cedentNo": 21546, "cedentName": "VIG RE", "treatyNo": 123456, "treatyName": "abcd", "lastUWY": 2018, "status": "Accepted"},
	    {"ledger": "aafdW", "ledgerName": "Verna", "uwUnit": 2005, "cedentNo": 54558, "cedentName": "VIG RE", "treatyNo": 123456, "treatyName": "abcd", "lastUWY": 2018, "status": "Renewed"},
	    {"ledger": "VW", "ledgerName": "Jeep", "uwUnit": 2018, "cedentNo": 21546, "cedentName": "VIG RE", "treatyNo": 123456, "treatyName": "abcd", "lastUWY": 2018, "status": "Accepted"},
	    {"ledger": "aW", "ledgerName": "Datsun", "uwUnit": 2003, "cedentNo": 21546, "cedentName": "VIG RE", "treatyNo": 123456, "treatyName": "abcd", "lastUWY": 2018, "status": "Study"},
	    {"ledger": "VW", "ledgerName": "Volkswagen", "uwUnit": 2004, "cedentNo": 18521, "cedentName": "VIG RE", "treatyNo": 123456, "treatyName": "abcd", "lastUWY": 2018, "status": "Renewed"},
	    {"ledger": "sW","ledgerName": "Hyundai", "uwUnit": 2015, "cedentNo": 21546, "cedentName": "VIG RE", "treatyNo": 123456, "treatyName": "abcd", "lastUWY": 2018, "status": "Accepted"},
	    {"ledger": "VW", "ledgerName": "Nissan", "uwUnit": 2001, "cedentNo": 18521, "cedentName": "VIG RE", "treatyNo": 123456, "treatyName": "abcd", "lastUWY": 2018, "status": "Study"},
	    {"ledger": "VWd", "ledgerName": "Ferrari", "uwUnit": 2012, "cedentNo": 21546, "cedentName": "VIG RE", "treatyNo": 123456, "treatyName": "abcd", "lastUWY": 2018, "status": "Accepted"},
	    {"ledger": "VW", "ledgerName": "Porsche", "uwUnit": 2000, "cedentNo": 54558, "cedentName": "VIG RE", "treatyNo": 123456, "treatyName": "abcd", "lastUWY": 2018, "status": "Renewed"},
	    {"ledger": "VWg", "ledgerName": "Bentley", "uwUnit": 2004, "cedentNo": 21546, "cedentName": "VIG RE", "treatyNo": 123456, "treatyName": "abcd", "lastUWY": 2018, "status": "Accepted"},
	    {"ledger": "VgW", "ledgerName": "Renault", "uwUnit": 2005, "cedentNo": 21546, "cedentName": "VIG RE", "treatyNo": 123456, "treatyName": "abcd", "lastUWY": 2018, "status": "Prospect"},
	    {"ledger": "VW", "ledgerName": "Chevrolet", "uwUnit": 2016, "cedentNo": 21546, "cedentName": "VIG RE", "treatyNo": 123456, "treatyName": "abcd", "lastUWY": 2018, "status": "Accepted"},
	    {"ledger": "eW", "ledgerName": "Lamborghini", "uwUnit": 2017, "cedentNo": 21546, "cedentName": "VIG RE", "treatyNo": 123456, "treatyName": "abcd", "lastUWY": 2018, "status": "To validate"},
	    {"ledger": "eW", "ledgerName": "Maserati", "uwUnit": 2002, "cedentNo": 21546, "cedentName": "VIG RE", "treatyNo": 123456, "treatyName": "abcd", "lastUWY": 2018, "status": "Accepted"},
	    {"ledger": "VW", "ledgerName": "Toyota", "uwUnit": 2011, "cedentNo": 21546, "cedentName": "VIG RE", "treatyNo": 123456, "treatyName": "abcd", "lastUWY": 2018, "status": "Canceled"},
	    {"ledger": "VW", "ledgerName": "Mitsubishi", "uwUnit": 2008, "cedentNo": 21546, "cedentName": "VIG RE", "treatyNo": 123456, "treatyName": "abcd", "lastUWY": 2018, "status": "Canceled"}
    ]
}
