{
    "type":"object",
         "name":{
             "componentType": "NameBox",
             "lable": "Name",
             "properties": {
                 "type": "text",
                 "minLength": 3,
                 "description": "Enter Your Name"
             }
         },
        "username": {
             "componenetType": "UserNameBox",
             "lable": "Username",
             "properties": {
                 "type": "text",
                 "minLength": 4,
                 "maxLength": 8,
                 "description": "Enter user name"
             }
         },
        "email": {
             "componenetType": "EmailBox",
             "lable": "Email",
             "properties": {
                 "type": "text",
                 "pattern": "^[a-z0-9]+(\\.[_a-z0-9]+)*@[a-z0-9-]+(\\.[a-z0-9-]+)*(\\.[a-z]{2,15})$",
                 "description": "Enter email"
             }
         },
         "password":{
             "componenetType": "PasswordBox",
             "lable": "Password",
             "properties": {
                 "type": "password",
                 "minLength": 8,
                 "maxLength": 16,
                 "pattern": "^(?=.*[0-9])(?=.*[!@#$%^&*])[a-zA-Z0-9!@#$%^&*]{6,16}$",
                 "description": "Enter password"
             }
         },
         "dropdown":{
             "componentType": "CountryDropDown",
             "lable": "Country",
             "properties": {
                 "type": "dropDown",
                 "enum": [
                     "AUS",
                     "IN",
                     "JP",
                     "US",
                     "RU",
                     "Other"
                 ]
             }
         },
         "radioButton":{
             "componenetType": "RadioButton",
             "lable": "Gender",
             "properties": {
                 
                     "type": "radio",
                     "anyOf": 
                         {
                             "type": "radio",
                             "key": "radios",
                             "enum": [
                                 {
                                     "value":"male",
                                     "name":"Male"
                                 },
                                 {
                                     "value":"female",
                                     "name":"Female"
                                 }
                             ]
                         }
                        
                            
                     
                 
             }
         },
         "checkBox":{
             "componenetType":"CheckBox",
             "lable":"Language",
             "properties": {
                 
                     "type": "checkBox",
                     "items": {
                         "type": "string",
                         "enum": [
                             "English",
                             "Spanish",
                             "Japanese",
                             "French",
                             "Hindi"
                         ]
                     }
                 }
             
         },
        "submit": {
             "componenetType":"SubmitButton",
             "lable":"Submit",
             "properties": {
                 
                     "type": "submit",
                     "title":"Submit"
                 }
             
         },
         "required": [
             "name",
             "username",
             "email",
             "password"
         ]
     
 }